"the";-0.0103;0.04602;-0.0283;0.51462;0.0056;0.03559;0.013;0.22394;-0.00154;0.00376;0.01252;0.35145;0.00178;0.00834;-0.00122;0.00472;-0.0224;1.90781;-0.00043;0.00074
"of";-0.09229;2.33266;-0.00261;0.00277;0.01017;0.07405;-0.00815;0.05565;0.00162;0.00263;-0.00885;0.1108;-0.0239;0.95281;-0.00191;0.00729;-0.02223;1.18732;-0.01412;0.49747
"in";0.00215;0.00076;-0.07388;1.31839;-0.02198;0.20592;-0.02337;0.27221;-0.03198;0.60675;-0.00639;0.03436;-0.02128;0.44957;-0.01067;0.13587;-0.01133;0.18356;-0.01814;0.48847
"and";-0.10197;2.19285;0.05344;0.89247;-0.04426;1.08081;-0.04702;1.42546;-0.05196;2.07305;-0.02476;0.66825;-0.00212;0.0058;-0.01456;0.32751;0.02869;1.52256;0.01073;0.22119
"to";-0.02532;0.10181;-0.02136;0.10732;-0.05316;1.17341;-0.02396;0.2786;0.04968;1.42668;-0.00876;0.06301;0.00488;0.02301;0.00591;0.04065;0.02474;0.85202;0.00189;0.00516
"Frontex";0.04429;0.1544;0.03372;0.13263;0.08501;1.48844;-0.02881;0.19975;-0.00129;0.00048;0.01794;0.13099;0.01026;0.05052;0.00375;0.00812;-0.02641;0.48146;0.0365;0.95554
"a";-0.08164;0.54453;-0.03036;0.11161;-0.0439;0.41189;0.01157;0.0334;-0.01377;0.0564;0.0236;0.23518;0.03878;0.74812;0.00291;0.00506;-0.00068;0.00033;0.02816;0.59032
"on";-0.04194;0.11681;-0.00854;0.00719;-0.0462;0.37091;-0.03736;0.28335;-0.05061;0.61949;-0.00459;0.00723;-0.03141;0.39916;0.04269;0.8871;-0.00969;0.05467;-0.01397;0.11809
"migrants";0.28963;2.83492;-0.30247;4.58177;0.00072;5e-05;-0.02244;0.052;-0.09453;1.0996;0.03379;0.19939;-0.04532;0.42286;-0.01791;0.07942;0.01968;0.11475;-0.06023;1.11705
"The";0.00057;2e-05;0.01925;0.03604;0.05679;0.55378;-0.03619;0.26276;-0.01558;0.05798;-0.02324;0.18323;-0.00029;3e-05;-0.00588;0.01664;0.01003;0.05795;0.00461;0.0127
"with";0.01008;0.0047;-0.03946;0.10665;0.09795;1.15996;-0.00134;0.00025;-0.02275;0.08706;-0.00426;0.00434;-0.05316;0.79542;0.00857;0.02489;0.01232;0.06154;0.0473;0.94204
"for";-0.07834;0.37635;0.04544;0.18763;-0.05117;0.42;-0.02429;0.11057;-0.02006;0.08982;-0.03859;0.472;0.01861;0.12941;-0.05085;1.16213;0.03237;0.56361;-0.00558;0.01741
"at";0.00853;0.00309;-0.06936;0.30277;-0.09741;1.05412;0.03148;0.12866;-0.01765;0.04814;0.02062;0.09334;-0.0192;0.09535;-0.06882;1.4742;0.03677;0.50353;0.06769;1.77287
"border";-0.08307;0.38999;0.06234;0.32541;-0.04536;0.30424;-0.00718;0.00891;-0.02479;0.12647;0.00536;0.0084;0.031;0.33085;0.03394;0.47699;0.01752;0.15219;-0.02381;0.29175
"by";-0.00923;0.00389;-0.03014;0.06146;0.0419;0.20966;-0.00123;0.00021;0.06136;0.6258;0.0118;0.03287;-0.00562;0.00878;-0.0369;0.45557;-0.00239;0.00228;0.04625;0.88977
"from";0.01224;0.00624;0.01523;0.0143;0.03059;0.1019;0.01138;0.01648;0.02367;0.08491;0.02559;0.14091;0.04957;0.62313;-0.01824;0.10147;0.00568;0.01178;-0.02747;0.28609
"were";0.15047;0.51053;-0.20184;1.36131;0.02569;0.03892;0.03343;0.07703;0.01837;0.02771;0.01275;0.01894;-0.06061;0.50445;0.02916;0.14054;0.01915;0.07252;-0.07579;1.17983
"as";-0.19116;1.48236;-0.02918;0.05119;-0.01441;0.02203;0.00477;0.00283;-0.02387;0.08416;-0.01926;0.07774;0.03773;0.35167;0.01191;0.04214;-0.00956;0.0325;-0.00168;0.00104
"EU";-0.05002;0.09168;-0.01586;0.01366;0.06322;0.38313;0.06353;0.45222;-0.0095;0.01203;-0.00746;0.01055;-0.03222;0.23176;-0.01273;0.0435;-0.05249;0.88562;-0.04845;0.78369
"is";-0.13672;0.78128;0.06315;0.24702;0.01446;0.02286;0.03863;0.19067;-0.00974;0.01444;0.02733;0.16138;0.07513;1.43711;0.0139;0.05915;-0.02332;0.1993;0.03846;0.56331
"will";-0.13046;0.64379;0.03369;0.06363;-0.09444;0.88242;0.01166;0.01571;0.0462;0.29393;0.0814;1.29509;0.04496;0.4657;0.03757;0.39132;0.00309;0.00316;0.00143;0.00071
"was";0.00159;6e-05;-0.0726;0.17832;0.1074;0.68882;-0.01103;0.00849;-0.0733;0.44656;-0.00755;0.00672;-0.12386;2.13313;-0.01371;0.03143;0.04847;0.47041;0.0694;1.00167
"number";0.34303;2.5414;-0.00852;0.00232;-0.04638;0.12156;-0.01338;0.01181;0.02159;0.03666;-0.08333;0.77509;-0.03752;0.18523;-0.04571;0.33077;-0.03135;0.18621;-0.08318;1.36121
"0";0.26969;0.87903;-0.30522;1.66843;-0.12389;0.4853;-0.13977;0.72171;-0.10358;0.4721;0.07587;0.35949;-0.01984;0.02897;0.08344;0.61666;0.04867;0.25113;0.04048;0.1804
"borders";0.13009;0.33425;-0.09001;0.23714;0.01645;0.01399;0.04402;0.117;0.08269;0.49167;0.04859;0.241;0.0926;1.03164;0.00168;0.00041;0.03707;0.23801;0.02883;0.14952
"than";0.4125;2.62772;-0.01939;0.00861;-0.06202;0.15539;-0.05827;0.1603;0.02276;0.02911;-2e-05;0;-0.08753;0.72061;0.03379;0.12922;0.01095;0.01624;-0.02685;0.10139
"Leggeri";0.58255;3.342;-0.20761;0.62899;0.00879;0.00199;-0.20931;1.31888;-0.0254;0.02314;0.02665;0.03613;-0.04149;0.10324;0.0161;0.0187;0.06143;0.32593;0.02315;0.04809
"more";0.23896;0.96806;-0.01886;0.00893;-0.06837;0.2073;-0.07024;0.25568;0.0387;0.09242;-0.02197;0.04229;-0.00203;0.00042;0.03116;0.1206;0.00656;0.00641;0;0
"officers";0.30456;1.20927;-0.16135;0.50295;0.07145;0.17409;-0.01273;0.00645;-0.04777;0.10833;-0.03605;0.08755;0.23621;4.43048;0.00295;0.00083;0.12079;1.6684;-0.07916;0.74417
"Greek";0.35694;1.22614;-0.49889;3.54944;0.03328;0.02788;0.00492;0.00071;0.09041;0.28641;-0.23735;2.80184;0.13971;1.14418;0.02663;0.05;0.03124;0.08238;0.02159;0.04087
"people";0.38137;1.38346;-0.3668;1.89642;0.02928;0.02134;-0.20211;1.18769;-0.04303;0.06414;-0.08554;0.35972;-0.09091;0.47884;-0.08736;0.53204;0.05267;0.23141;-0.01783;0.02755
"Director";0.1823;0.48903;-0.05116;0.05708;0.13556;0.70739;-0.04117;0.07624;-0.05134;0.14123;-0.05862;0.26131;0.08295;0.61672;0.00534;0.00308;-0.00249;8e-04;0.09345;1.17083
"that";-0.10694;0.27641;0.00603;0.0013;0.0317;0.06355;-0.0056;0.00231;0.05119;0.23059;0.01211;0.01832;0.12185;2.18601;0.03328;0.19614;-0.04593;0.4473;0.03754;0.31036
"Greece";0.25608;0.74118;-0.34713;2.01823;0.04556;0.06138;0.05842;0.11791;0.12439;0.63672;-0.25516;3.80308;0.19342;2.57551;0.01601;0.02123;-0.01392;0.0192;0.04727;0.23008
"are";-0.13638;0.39133;-0.03967;0.04907;0.01306;0.00938;-0.00926;0.00551;0.04986;0.19039;-0.05016;0.27361;0.12602;2.03498;0.05388;0.44751;0.02981;0.16392;0.04254;0.34691
"have";0.00978;0.00147;-0.14882;0.50313;0.06123;0.15034;0.09695;0.44045;0.03902;0.08499;-0.01604;0.02039;0.0898;0.75298;0.07668;0.66053;0.08804;1.04234;0.0395;0.21797
"this";0.06211;0.09043;0.09127;0.28943;-0.02561;0.04023;-0.03527;0.08915;0.09405;0.75503;-0.00911;0.01004;-0.0036;0.00185;0.00393;0.00265;0.02085;0.08938;-0.08311;1.47524
"also";0.00254;0.00011;-0.05888;0.09082;0.0455;0.09574;-0.06144;0.20404;0.006;0.00232;-0.00666;0.00405;0.02547;0.06986;-0.00226;0.00066;-0.02573;0.10263;0.02856;0.13138
"its";0.15364;0.38436;0.02071;0.01035;-0.06469;0.17824;0.1;0.49769;-0.04062;0.09783;0.09255;0.72077;0.0324;0.1041;0.05879;0.41247;0.02325;0.07717;0.02342;0.08136
"European";0.13375;0.65663;0.31153;5.27863;0.06863;0.4523;-0.02478;0.06889;0.0246;0.0809;0.01105;0.02316;-0.02871;0.18432;-0.06134;1.01222;0.04443;0.63555;0.05615;1.0542
"Executive";0.18989;0.49231;-0.05118;0.05299;0.11826;0.49952;-0.03244;0.04391;-0.02745;0.03745;-0.03812;0.10253;0.08191;0.55791;0.01166;0.01361;-0.01706;0.03485;0.09033;1.01483
"part";0.2153;0.50835;-0.13533;0.29761;0.14221;0.58017;-0.06052;0.1228;0.00764;0.00233;-0.00546;0.00169;0.00167;0.00019;0.08133;0.53158;0.14327;1.97444;0.04825;0.23257
"said";0.25434;0.65874;-0.19682;0.58456;0.08721;0.20263;-0.03594;0.0402;0.0315;0.0368;-0.1186;0.7403;0.12548;0.97662;0.087;0.56482;0.00849;0.00643;0.09733;0.87889
"year";0.31617;1.75624;0.14787;0.56928;-0.11597;0.6181;-0.03199;0.05496;-0.00349;0.00078;0.06064;0.33393;-0.02174;0.05058;0.05487;0.38762;-0.08231;1.04401;-0.06516;0.67954
"which";-0.06351;0.05867;-0.09808;0.20739;0.0065;0.00161;0.04125;0.07566;-0.00525;0.00146;0.04156;0.12988;-0.05886;0.307;0.13506;1.94479;0.08101;0.83732;-0.06654;0.58672
"who";0.28369;0.76102;-0.2416;0.81793;-0.09518;0.22409;-0.10455;0.31595;0.02517;0.02182;-0.03799;0.07055;0.13179;1.00037;0.00087;5e-05;0.15239;1.92603;-0.08288;0.59179
"operations";0.05637;0.03573;-0.18098;0.54585;0.04918;0.07116;-0.0584;0.11724;0.00323;0.00043;0.06858;0.27333;0.13409;1.23165;0.03949;0.1285;-0.02386;0.05616;0.00032;1e-05
"Fabrice";0.59727;2.73455;-0.10551;0.12645;0.01122;0.00252;-0.18933;0.83991;-0.01649;0.00759;0.03106;0.03822;-0.02449;0.028;0.02322;0.03028;0.12027;0.97254;0.04546;0.14432
"an";-0.06828;0.08687;-0.00311;0.00027;0.02611;0.03322;0.03413;0.06636;0.05149;0.17987;0.0213;0.04368;0.0145;0.02386;0.02431;0.08069;0.05497;0.49386;-0.04585;0.3568
"be";-0.31963;2.92677;-0.01672;0.01186;-0.18832;2.6579;-0.09426;0.77799;0.10585;1.16853;0.00694;0.00713;0.03847;0.25817;0.0292;0.17898;0.02502;0.15727;-0.02342;0.14311
"vessels";0.37787;0.8149;-0.48891;2.02154;0.10825;0.17495;-0.27165;1.28738;-0.11573;0.2783;0.25723;1.95157;-0.0665;0.1537;0.09459;0.37425;0.05028;0.12653;0.08673;0.39108
"authorities";0.06484;0.06963;0.01327;0.00432;-0.05376;0.12522;0.01311;0.0087;-0.08956;0.48369;-0.02016;0.03478;-0.06005;0.36374;-0.01379;0.02308;-0.03541;0.18218;0.08332;1.04743
"operation";3e-04;0;-0.15714;0.45859;0.19543;1.25229;0.03973;0.06047;0.08483;0.32841;0.17838;2.06098;-0.08376;0.53559;-0.09018;0.74702;-0.05423;0.32328;0.01172;0.01569
"has";0.02991;0.01256;-0.0859;0.15356;0.05705;0.11958;0.10898;0.50987;0.0286;0.04182;0.06387;0.29612;0.05043;0.21754;0.02978;0.09128;-0.03157;0.12276;0.00271;0.00094
"rescue";0.44944;0.92681;-0.52582;1.87981;0.17383;0.36268;-0.29385;1.21103;-0.20089;0.67415;0.08562;0.17383;-0.06867;0.13178;0.20324;1.38884;0.11897;0.56953;0.14876;0.92496
"In";0.20264;0.5905;0.11415;0.27766;-0.08484;0.2708;0.11959;0.62864;0.01392;0.01014;0.11483;0.97996;-0.02021;0.03577;0.10939;1.26104;-0.12679;2.02762;-0.03853;0.19444
"Italian";0.07729;0.04245;-0.41419;1.80646;-0.16271;0.49215;0.22103;1.06118;-0.11616;0.34911;0.09781;0.35132;-0.23871;2.46615;0.05753;0.17233;0.1277;1.01635;0.13444;1.17009
"external";0.13943;0.23604;-0.10152;0.18544;0.05719;0.10387;0.06821;0.17271;0.17083;1.29011;-0.02406;0.03632;0.05457;0.22021;-0.02364;0.04971;-0.05726;0.3492;-0.00405;0.00181
"Member";-0.21344;0.9661;-0.02298;0.0166;0.26537;3.90671;0.17892;2.07509;0.2027;3.17227;0.15466;2.6215;-0.00888;0.01019;-0.01701;0.04499;0.02639;0.12954;-0.04623;0.41292
"deployed";0.14456;0.13797;-0.32814;1.05347;0.1915;0.6334;-0.0173;0.00604;-0.0174;0.00728;0.0785;0.21025;0.02549;0.02613;0.0554;0.14852;0.08013;0.37183;0.07868;0.37231
"detected";0.25156;0.63382;-0.03921;0.02282;-0.12983;0.44161;0.08667;0.22999;0.1026;0.38382;0.04107;0.08729;0.07123;0.30954;0.08297;0.50524;-0.01573;0.02173;-0.02024;0.03737
"Mediterranean";0.23568;0.71482;0.10577;0.21336;-0.00638;0.00137;0.05973;0.14035;0.12328;0.71206;0.03048;0.06178;0.03173;0.07893;0.06127;0.35399;-0.0368;0.15288;-0.09737;1.11147
"their";-0.07892;0.09409;0.06173;0.08532;-0.01027;0.00417;-0.11104;0.56938;0.09807;0.52901;-0.0186;0.02701;0.05996;0.33085;-0.05986;0.39673;0.17778;4.18783;-0.15852;3.45854
"States";-0.21773;0.95754;-0.00799;0.00191;0.29539;4.61059;0.16751;1.7325;0.17364;2.21744;0.14332;2.14438;-0.00668;0.00548;-0.03567;0.18833;0.02814;0.14032;-0.06033;0.6698
"2015";0.57842;1.64738;-0.50758;1.8798;0.04737;0.02891;-0.2924;1.28684;-0.06446;0.07448;-0.1918;0.93612;-0.13614;0.55584;-0.16057;0.93038;-0.1154;0.57514;-0.17986;1.45103
"This";0.05323;0.03567;0.04132;0.03186;0.0888;0.25971;-0.01317;0.00668;-0.05651;0.14637;-0.07427;0.35887;0.07119;0.38859;-0.03004;0.08326;0.00695;0.00534;0.04092;0.19204
"islands";0.48449;1.06383;-0.5637;2.13407;0.0896;0.09517;-0.18295;0.4637;-0.06876;0.078;-0.1407;0.46367;-0.09826;0.26653;-0.08361;0.2322;-0.07264;0.20976;-0.07635;0.24068
"Italy";0.01571;0.00218;-0.1666;0.36362;0.0329;0.02504;0.10029;0.27183;-0.04541;0.06639;0.02363;0.02551;-0.13313;0.95428;0.02386;0.0369;-0.07796;0.47124;-0.04086;0.13448
"Western";0.36184;1.09156;-0.04552;0.0256;-0.08287;0.14977;-0.03076;0.02411;-0.05295;0.08511;-0.05766;0.14327;-0.09075;0.41822;-0.12654;0.97834;-0.08392;0.51492;0.00588;0.00263
"increase";0.09144;0.04678;-0.39494;1.29325;-0.07686;0.08648;0.10425;0.18588;-0.09391;0.17965;0.17;0.83569;-8e-05;0;0.04846;0.09629;0.01909;0.01789;0.06295;0.20201
"last";0.40066;1.22157;0.08775;0.08683;-0.05001;0.04979;-0.05013;0.05846;0.04506;0.05624;0.03398;0.0454;-0.00428;0.00085;0.20959;2.44976;-0.03361;0.0754;-0.14337;1.42491
"two";0.03663;0.01299;-0.04952;0.03517;0.04591;0.05337;-0.07467;0.16498;-0.08245;0.23958;0.02479;0.03075;-0.03488;0.07174;-0.04558;0.14738;-0.09833;0.82083;-0.00225;0.00045
"detections";0.18606;0.4087;-0.04281;0.03206;-0.1444;0.64395;0.13556;0.66322;0.02272;0.02218;-0.05828;0.20725;-0.02125;0.03248;-0.20458;3.62128;0.0187;0.03619;0.06371;0.43654
"first";0.15426;0.37016;0.18477;0.7869;0.02074;0.0175;0.12556;0.74967;0.17543;1.74283;-0.08433;0.57164;0.06633;0.41679;0.0769;0.67406;0.02157;0.06347;7e-05;0
"over";0.10682;0.06257;-0.27394;0.60976;-0.13737;0.27071;0.06826;0.07811;-0.27275;1.48523;0.24008;1.63336;0.32169;3.45607;0.08461;0.28767;0.04527;0.09856;-0.07212;0.25982
"Operation";0.00516;0.00015;-0.4145;1.42453;0.11787;0.20337;0.27581;1.30114;-0.13491;0.37076;-0.17124;0.84791;-0.29348;2.9353;0.27481;3.09669;0.09389;0.43262;0.17023;1.47714
"activities";-0.07158;0.06966;0.13744;0.38059;0.18674;1.24032;-0.05698;0.13493;-0.06834;0.23117;0.13061;1.19875;-0.10371;0.89074;0.01624;0.02628;-0.0181;0.03908;0.01021;0.01292
"guards";0.02967;0.00645;0.02091;0.00475;0.10042;0.19338;-0.01229;0.00339;-0.21433;1.22589;0.0052;0.00102;0.07216;0.23249;0.11461;0.70553;0.12821;1.05667;-0.0573;0.21926
"one";-0.12237;0.11897;-0.10176;0.12193;0.19266;0.77152;-0.06987;0.11858;0.10213;0.30174;0.25223;2.61237;-0.046;0.10238;0.06196;0.22354;-0.04314;0.12968;0.07909;0.45273
"it";-0.13286;0.14321;-0.11845;0.16869;0.05698;0.06891;-0.05787;0.08306;0.11748;0.40766;0.2269;2.15864;0.0476;0.11198;-0.05056;0.15199;-0.01196;0.01018;-0.01148;0.00974
"Turkey";0.25733;0.37794;-0.33789;0.96555;-0.06331;0.05983;0.13671;0.32607;-0.04417;0.04054;-0.14357;0.60795;-0.04357;0.06599;-0.06868;0.19727;-0.07113;0.25324;-0.03717;0.07183
"between";-0.21545;0.58957;-0.02066;0.00803;0.10665;0.37793;-0.0039;0.00059;-0.22819;2.40792;-0.17811;2.08235;-0.10198;0.80455;0.03955;0.1456;-0.02379;0.06306;-0.13957;2.25404
"other";-0.08753;0.07374;-0.09065;0.11718;0.00759;0.00145;-0.06874;0.139;0.02666;0.0249;0.04052;0.08168;-0.0353;0.07304;-0.09129;0.58783;-0.03245;0.08889;-0.01621;0.02303
"some";0.16173;0.12148;-0.30182;0.62691;0.03663;0.0163;-0.01159;0.00191;0.01222;0.00252;0.12013;0.34639;0.03408;0.03285;0.24637;2.06575;-0.14562;0.86368;-0.05765;0.14061
"all";-0.05251;0.03194;0.02882;0.01426;0.01345;0.00548;-0.0533;0.10057;0.02827;0.03371;-0.05676;0.19283;0.0872;0.53645;-0.12677;1.36416;0.04617;0.21656;-0.09922;1.0388
"he";0.03224;0.00529;-0.2064;0.32142;0.07998;0.0852;-0.02545;0.01008;0.02996;0.01664;-0.04906;0.06334;0.27701;2.37971;0.1444;0.77811;0.02964;0.03922;0.19447;1.7543
"been";-0.03491;0.00846;-0.12208;0.15322;0.10733;0.2091;0.17531;0.65179;-0.00211;0.00011;0.01279;0.00587;0.02512;0.02666;0.15917;1.28816;0.00577;0.00203;0.04133;0.10794
"countries";0.0272;0.00927;0.10993;0.22446;0.15709;0.8091;-0.06392;0.15654;-0.11357;0.58853;-0.03499;0.07929;-0.01;0.00764;-0.14106;1.82763;-0.13296;1.94341;0.03652;0.15225
"new";0.06171;0.02791;-0.00815;0.00072;-0.03572;0.02446;-0.13666;0.41847;0.15451;0.6371;0.09422;0.3363;-0.02555;0.02914;0.04011;0.0864;-0.00793;0.00404;-0.02313;0.03573
"most";0.01547;0.00137;-0.33109;0.92707;-0.18974;0.53751;0.08918;0.13876;-0.04673;0.04538;-0.0335;0.0331;-0.04995;0.08672;-0.05601;0.13123;-0.07729;0.29904;0.03716;0.07178
"operational";-0.24404;0.67313;-0.01855;0.00576;0.07637;0.17243;0.11086;0.42462;0.13697;0.77198;-0.0272;0.04322;0.00435;0.0013;0.12067;1.20616;-0.01416;0.01989;0.00228;0.00053
"well";-0.18654;0.34852;-0.02316;0.00796;0.03933;0.04052;-0.0161;0.00794;-0.06004;0.13144;-0.03841;0.07636;0.0055;0.00184;-0.02633;0.05088;-0.06097;0.32655;0.00231;0.00049
"Guard";0.46121;2.67794;0.53135;5.26707;-0.0165;0.00897;-0.04132;0.06571;-0.00786;0.00283;-0.02194;0.03131;-0.07388;0.41859;-0.00714;0.00471;0.09427;0.9812;0.05917;0.40155
"coast";0.26583;0.39934;0.19209;0.30901;0.09444;0.13187;-0.10913;0.20572;-0.13208;0.35896;0.06082;0.10804;-0.21651;1.61352;0.07948;0.26165;0.07527;0.28082;0.22705;2.65413
"illegal";0.09886;0.11539;0.10856;0.20619;0.11586;0.41461;0.02458;0.02181;0.23039;2.28162;0.02738;0.04573;-0.03461;0.08614;-0.08368;0.60589;-0.04901;0.2487;-0.05928;0.37798
"migratory";0.27432;0.67368;0.26623;0.9403;-0.15877;0.59033;0.19446;1.03481;0.01426;0.00663;0.04052;0.07596;-0.13073;0.93194;0.2217;3.22465;-0.03884;0.11842;0.02876;0.06744
"period";0.33646;0.55108;-0.0113;0.00092;0.03045;0.01181;0.02529;0.00952;0.08282;0.12157;0.01956;0.00962;0.06275;0.11673;0.08834;0.27837;0.07525;0.24173;0.03044;0.04109
"I";0.05348;0.01392;-0.18524;0.24752;0.25319;0.81635;0.00896;0.0012;0.28405;1.43002;0.28271;2.01079;-0.01797;0.00957;-0.09674;0.33385;-0.06991;0.20869;-0.00239;0.00025
"agency";0.19737;0.2354;0.12918;0.14943;0.04212;0.02805;-0.10154;0.19045;0.07286;0.1168;0.27191;2.30904;-0.12375;0.56362;-0.05848;0.15144;-0.09527;0.48106;0.06539;0.23538
"national";-0.01267;0.00111;0.1;0.10281;0.07171;0.09334;-0.13303;0.37534;0.07272;0.13358;0.15429;0.8536;-0.05444;0.12525;0.06228;0.19723;-0.05719;0.19901;0.08707;0.47922
"place";-0.12216;0.08182;-0.06141;0.03064;0.13662;0.26776;-0.18689;0.58542;-0.08526;0.14511;0.01606;0.00731;0.03136;0.03284;0.03703;0.05511;0.03564;0.06107;-0.01149;0.0066
"route";0.29382;0.94191;0.19646;0.62405;-0.1698;0.82292;-0.02286;0.01744;0.22871;2.07795;-0.14944;1.25926;0.03996;0.1061;-0.08;0.51168;-0.06509;0.40543;-0.05254;0.27436
"same";0.25652;0.41605;0.10235;0.09815;-0.04357;0.03141;0.01185;0.00272;-0.07195;0.11917;0.03725;0.04533;-0.02732;0.02874;0.12938;0.77565;-0.16013;1.42194;-0.191;2.10135
"provide";0.1461;0.12541;-0.04692;0.01916;-0.03155;0.0153;0.07758;0.10809;0.07991;0.13658;-0.06026;0.11024;-0.01177;0.00496;0.04679;0.09424;0.0756;0.2945;0.01061;0.00602
"we";-0.00705;0.00033;-0.04531;0.01992;0.13714;0.32208;0.06298;0.07938;0.31559;2.37383;0.15737;0.83786;0.10754;0.46114;-0.07039;0.23769;0.0448;0.11522;0.06107;0.22245
"Central";0.32312;0.72438;0.10911;0.12239;-0.10229;0.1899;0.10651;0.24059;0.09702;0.23776;-0.01149;0.00473;-0.00327;0.00045;0.14021;0.99953;-0.16365;1.62964;-0.20075;2.54714
"about";0.17746;0.17797;0.05884;0.02899;-0.11865;0.20811;-0.0278;0.01335;-0.00222;1e-04;0.07489;0.16382;-0.14966;0.77098;0.06799;0.19147;-0.16832;1.40419;0.01094;0.00616
"information";-0.27971;0.77048;0.09525;0.1324;-0.24155;1.50312;-0.26957;2.18744;-0.03676;0.04845;-0.07946;0.3213;-0.00994;0.00593;0.07148;0.36869;-0.02103;0.03818;-0.02429;0.05293
"land";-0.14862;0.1792;-0.10911;0.14313;-0.14704;0.45891;0.33934;2.85581;0.03271;0.03161;-0.17217;1.24292;0.12311;0.749;0.05008;0.14913;0.07925;0.44693;0.12178;1.09612
"months";0.43041;1.10911;0.17231;0.26341;-0.05194;0.04225;0.03357;0.02062;0.09899;0.21359;-0.1021;0.32255;0.0387;0.05462;-0.00324;0.00046;-0.04563;0.10933;0.04483;0.10963
"support";0.06669;0.03559;0.09054;0.0972;0.02743;0.01575;0.01677;0.00688;0.0452;0.05952;-0.009;0.00335;-0.06244;0.18998;-0.06979;0.2856;0.03572;0.08955;-0.01768;0.02278
"Forum";0.23067;0.39596;0.26152;0.75417;-0.17204;0.57622;0.02106;0.01009;-0.44356;5.33078;0.249;2.38459;0.11203;0.5689;-0.04559;0.11336;-0.20899;2.85074;-0.00508;0.00175
"It";0.10474;0.07058;0.11677;0.13002;0.01159;0.00226;0.06798;0.0909;0.0035;0.00029;-0.00965;0.00309;0.0897;0.31533;-0.01014;0.00485;0.12387;0.86586;-0.01587;0.01477
"Joint";-0.12935;0.10673;-0.0893;0.07537;0.08237;0.11322;0.18769;0.68689;-0.19868;0.91672;-0.23289;1.78793;-0.29428;3.36445;0.14504;0.98342;0.07263;0.29513;0.13315;1.03014
"Schengen";-0.10249;0.04937;-0.07751;0.04184;0.29305;1.0559;-0.05027;0.03631;-0.06889;0.08122;-0.00272;0.00018;-0.07054;0.14243;0.08364;0.24095;0.11178;0.51504;-0.00037;1e-05
"crossings";0.46269;1.52125;0.42494;1.90143;-0.10851;0.2189;0.04155;0.0375;0.24464;1.54841;0.11252;0.46494;0.05367;0.12466;0.28608;4.26201;-0.03793;0.08967;-0.06139;0.24395
"including";-0.14316;0.14106;-0.06633;0.04487;-0.14163;0.36116;-0.08983;0.16977;-0.02467;0.01525;-0.17471;1.0856;0.1462;0.89597;-0.01287;0.00836;-0.07028;0.29814;0.05299;0.17607
"such";-0.13893;0.12744;0.02697;0.00712;0.01474;0.00375;-0.11045;0.2462;-0.1086;0.28349;-0.19293;1.27009;0.03729;0.05593;0.01709;0.01412;0.03912;0.0886;0.07286;0.31932
"week";0.32628;0.50036;0.08062;0.04526;-0.04136;0.02104;0.05186;0.03863;-0.13915;0.33135;0.05453;0.07223;-0.01531;0.00671;0.053;0.09676;0.05031;0.10436;-0.02501;0.02678
"Coast";0.55334;3.51209;0.57997;5.71736;-0.0626;0.11758;-0.01379;0.00667;0.06387;0.17034;0.01095;0.00711;-0.0583;0.23744;-0.02096;0.03692;0.08187;0.67424;0.08832;0.81519
"Consultative";0.22156;0.3351;0.22209;0.49895;-0.18795;0.63084;0.04081;0.03475;-0.45017;5.03667;0.25523;2.2981;0.12582;0.65814;-0.05221;0.13634;-0.20612;2.54351;-0.03887;0.09396
"our";0.23037;0.29695;0.14522;0.17486;0.10624;0.16522;0.03164;0.01712;0.1491;0.4529;0.10838;0.33965;0.08524;0.24759;-0.05595;0.12834;0.0768;0.28945;0.03111;0.04932
"area";-0.05718;0.02067;-0.08253;0.06381;-0.07949;0.10451;0.2947;1.67853;0.27048;1.68408;0.03576;0.04179;-0.01657;0.01057;0.12723;0.7501;0.01507;0.0126;-0.01534;0.01355
"month";0.56769;1.83927;0.29274;0.72475;-0.0497;0.03688;-0.0042;0.00031;0.09006;0.16853;-0.04059;0.04859;-0.02608;0.02365;-0.00624;0.00163;-0.02835;0.04023;-0.08284;0.35677
"sea";0.00778;4e-04;0.09724;0.09173;0.20255;0.7026;0.07942;0.12621;0.06191;0.09137;0.06211;0.13054;0.02032;0.01646;-0.10821;0.56179;0.10878;0.67941;0.17976;1.9272
"work";0.07864;0.03979;0.1308;0.16313;0.0862;0.12509;-0.04166;0.03413;0.03658;0.03135;0.03865;0.04968;-0.05104;0.10211;-0.09392;0.41596;0.07052;0.28065;-0.02121;0.02637
"working";-0.07116;0.02777;-0.00258;5e-05;0.2072;0.61583;0.08307;0.11565;-0.40361;3.25221;-0.13827;0.54183;0.11053;0.408;0.0565;0.12827;-0.02556;0.03142;-0.04901;0.11998
"%";0.25001;0.77643;0.15902;0.46548;-0.10203;0.33826;0.27567;2.88545;0.17404;1.36982;-0.22828;3.34547;-0.03543;0.09499;-0.11814;1.27043;0.03432;0.12833;0.00905;0.00926
"can";-0.07083;0.03116;0.12409;0.14171;0.05063;0.04165;-0.1506;0.43061;-0.00494;0.00055;0.10754;0.37118;0.04538;0.0779;-0.03356;0.05127;-0.0261;0.03711;0.03715;0.0781
"international";0.01989;0.00241;0.06491;0.03808;0.0302;0.01455;-0.03296;0.02026;-0.25655;1.46154;-0.04396;0.0609;0.01861;0.01287;-0.1532;1.049;0.0282;0.04254;-0.11959;0.79466
"Border";0.05474;0.05818;0.44626;5.7296;-0.03176;0.05124;-0.04836;0.13879;-0.01749;0.02162;-0.04702;0.22186;-0.02897;0.09926;0.04638;0.30606;0.05767;0.56642;0.04758;0.40034
"Union";0.14715;0.11995;0.11215;0.10325;0.20199;0.59123;-0.03611;0.02208;0.11361;0.26031;0.08259;0.19527;0.01777;0.01066;-0.19053;1.47367;0.01654;0.01329;0.09468;0.45232
"control";-0.36905;1.18881;0.07923;0.08119;-0.10056;0.23089;-0.19669;1.03221;0.06416;0.13084;0.06173;0.1719;0.04435;0.10459;0.03336;0.0712;0.00042;1e-05;0.09901;0.77949
"cooperation";-0.2108;0.6042;0.26173;1.38019;0.32477;3.75162;-0.07561;0.23764;-0.17353;1.49075;-0.1464;1.506;-0.06762;0.37862;0.08697;0.75372;-0.11016;1.44714;0.00704;0.00614
"experts";-0.42018;1.56084;-0.04083;0.02184;-0.06401;0.09477;-0.15975;0.68967;0.12982;0.54246;0.0307;0.04306;-0.2663;3.81862;-0.0281;0.05115;0.04126;0.13199;0.0044;0.00156
"not";-0.24844;0.46276;-0.0533;0.03156;-0.03225;0.0204;-0.13131;0.39516;0.15173;0.62845;0.01779;0.01227;6e-05;0;-0.08805;0.42603;-0.09081;0.54224;-0.06459;0.28491
"previous";0.35295;0.62733;0.06122;0.02797;-0.06032;0.04793;-0.00678;0.00071;0.03145;0.01813;-0.13899;0.50273;-0.15515;0.73836;-0.25669;2.43155;0.17128;1.29569;-0.00737;0.00249
"time";0.03628;0.00596;-0.07303;0.03581;-0.10433;0.12905;-0.04953;0.03399;0.17888;0.52798;0.06455;0.09758;-0.08348;0.19236;-0.02733;0.02482;-0.07366;0.21566;0.01583;0.01035
"Fundamental";0.03834;0.00913;0.09293;0.07948;-0.22039;0.78918;0.34106;2.20835;-0.42857;4.15335;0.22485;1.62276;0.23606;2.10803;-0.12473;0.70815;0.07778;0.3295;-0.05918;0.19815
"Management";-0.03778;0.00983;0.18286;0.341;-0.08226;0.12183;0.04086;0.03512;-0.17215;0.74254;0.05339;0.10137;0.04808;0.09691;0.07355;0.27286;-0.09776;0.57688;0.06556;0.26944
"October";-0.02332;0.00247;-0.21023;0.29683;-0.14604;0.25288;0.12941;0.23201;0.07378;0.08981;-0.1469;0.50543;0.01545;0.00659;-0.07095;0.16719;-0.14658;0.85401;0.02595;0.02781
"Rights";0.03225;0.00628;0.07144;0.0457;-0.20958;0.69433;0.3813;2.68562;-0.52471;6.05732;0.27067;2.28799;0.2488;2.2783;-0.14307;0.90643;0.03885;0.07998;-0.0802;0.35411
"agencies";0.12826;0.08652;0.09887;0.07618;0.10933;0.16447;-0.03026;0.01472;-0.07523;0.10837;-0.15016;0.61288;-0.05594;0.10023;-0.09422;0.34218;-0.03674;0.06227;-0.18688;1.67344
"into";0.08113;0.04788;0.31909;1.09751;-0.11495;0.25145;0.02899;0.01868;-0.00643;0.00109;0.04593;0.07931;0.0045;9e-04;0.25352;3.42612;-0.05255;0.17621;-0.14328;1.36037
"nationals";-0.04273;0.0092;-0.03195;0.00762;-0.17456;0.40143;0.04941;0.03758;0.05291;0.05132;-0.04547;0.05381;0.16242;0.80912;-0.00598;0.00132;0.05716;0.14431;-0.03973;0.07243
"quarter";0.25899;0.33403;-0.21986;0.3567;-0.10521;0.14419;0.09682;0.1427;0.07447;0.10055;-0.28588;2.10341;-0.06147;0.1146;-0.26481;2.55916;-0.2879;3.62026;-0.13666;0.84727
"these";-0.31225;0.51827;-0.1344;0.14227;0.07949;0.08787;-0.03413;0.01893;0.02911;0.0164;0.10879;0.32516;0.00692;0.00155;-0.04952;0.09552;0.00133;8e-05;-0.1174;0.66742
"three";0.11877;0.07577;0.07274;0.04211;0.03733;0.01958;-0.03175;0.01655;0.15589;0.47525;0.01011;0.00284;-0.00438;0.00063;-0.07891;0.24513;0.03619;0.06171;-0.12237;0.7327
"but";-0.12814;0.07625;-0.1129;0.08772;-0.02739;0.00912;-0.05223;0.03873;-0.02639;0.01177;0.06182;0.09173;0.03818;0.04123;-0.14662;0.7316;-0.09856;0.3957;0.00703;0.00209
"during";-0.13729;0.10652;-0.03815;0.01219;0.08287;0.10152;0.16427;0.46614;-0.05213;0.05592;0.06736;0.13253;-0.05915;0.12043;-0.12079;0.60427;0.03447;0.05889;-0.04606;0.10924
"or";-0.39666;1.83113;0.05341;0.04919;-0.24566;1.83729;-0.1138;0.46075;0.08967;0.34073;5e-05;0;-0.007;0.00347;-0.0406;0.14059;0.02608;0.06944;0.07822;0.64866
"together";-0.02647;0.00435;0.19467;0.34876;0.10558;0.18112;-0.01865;0.0066;0.03738;0.03159;-0.00443;0.00063;-0.02714;0.02786;-0.04582;0.09555;0.11064;0.6668;-0.12049;0.82135
"1";-0.073;0.02654;-0.18521;0.25312;-0.10714;0.14953;0.26023;1.03089;0.22767;0.9398;-0.18514;0.88216;-0.11523;0.40276;-0.12015;0.5268;0.03948;0.06807;-0.06692;0.20315
"Commission";-0.19097;0.17958;-0.03384;0.00836;-0.08002;0.08247;0.00478;0.00034;-0.21118;0.79946;-0.00717;0.00131;0.08575;0.22052;-0.09743;0.34256;0.05655;0.13812;-0.1362;0.83214
"management";-0.08855;0.06494;0.18586;0.42391;0.03149;0.02149;-0.04631;0.05428;-0.07911;0.1887;-0.00062;2e-05;-0.02766;0.03858;-0.09296;0.52448;-0.1238;1.11312;0.04113;0.12763
"out";-0.18721;0.18238;0.06474;0.03232;0.21175;0.61037;-0.02196;0.00767;0.18315;0.63554;0.29565;2.35063;-0.06262;0.12427;-0.15725;0.94297;0.09773;0.43591;0.04355;0.08992
"region";0.08932;0.03929;-0.0865;0.05459;0.04471;0.02575;0.20276;0.61876;-0.06895;0.08523;-0.06809;0.11797;0.04144;0.05149;-0.33244;3.98789;-0.13252;0.75845;0.05371;0.12942
"total";0.18266;0.22777;0.24011;0.58318;-0.02284;0.00931;0.16306;0.55479;0.1551;0.59789;0.02158;0.01644;-0.19002;1.5013;-0.11033;0.60898;0.18573;2.06521;0.00974;0.0059
"up";0.0096;0.00042;0.02705;0.00491;0.00619;0.00045;0.04728;0.03097;0.12613;0.26252;-0.04483;0.04706;0.07759;0.1662;-0.09951;0.32889;0.0301;0.03602;0.00452;0.00085
"2";-0.10118;0.04639;-0.08842;0.0525;-0.17607;0.36753;0.30601;1.29733;0.05293;0.04622;-0.05837;0.07979;-0.09428;0.24535;-0.12603;0.52758;0.13473;0.72155;0.12687;0.66459
"Eastern";0.36085;0.6193;0.18911;0.25205;-0.06797;0.05748;0.10902;0.17281;0.20098;0.69947;-0.19062;0.89311;0.24869;1.79155;-0.13257;0.61251;0.01173;0.00574;0.05289;0.12122
"Europe";0.10529;0.06079;0.30548;0.75826;-0.10767;0.16629;-0.03888;0.02533;0.14056;0.39442;0.02713;0.02086;0.17717;1.04837;0.10087;0.40885;0.18182;1.58995;-0.16696;1.39247
"future";-0.2059;0.18978;-0.01358;0.00122;-0.01679;0.0033;-0.0451;0.02783;-0.14307;0.33359;-0.07193;0.1197;0.06649;0.12052;-0.10188;0.34046;0.02541;0.02535;0.03379;0.04655
"migration";-0.16807;0.23708;-0.01255;0.00196;0.18442;0.74677;0.22305;1.27642;0.00984;0.00296;-0.10799;0.5058;-0.01965;0.01973;-0.15123;1.40664;-0.06616;0.32217;-0.09089;0.6317
"only";-0.11216;0.05772;0.08944;0.05439;0.12019;0.17339;0.03908;0.02142;0.01565;0.00409;0.10331;0.25306;0.05518;0.08508;0.06812;0.15604;-0.03177;0.04061;0.04011;0.06725
"technical";-0.48975;1.14075;-0.11906;0.09991;-0.05078;0.03209;-0.17372;0.43876;0.32456;1.82407;0.10368;0.26424;-0.12664;0.46458;0.06348;0.14047;0.03815;0.06072;-0.05662;0.13889
"Warsaw";-0.37888;0.98795;-0.03286;0.01101;-0.28804;1.49377;0.18335;0.70724;-0.1269;0.4035;-0.04376;0.06811;0.01488;0.00928;0.0895;0.404;0.01617;0.01579;-0.03647;0.0834
"data";-0.22893;0.27858;0.01151;0.00104;-0.32627;1.48026;-0.15392;0.38495;0.15744;0.47973;-0.29044;2.31726;-0.02868;0.02663;0.1321;0.67979;-0.08333;0.3237;0.07769;0.29231
"development";-0.40301;0.80882;0.09635;0.06851;-0.02405;0.00753;-0.27773;1.17419;-0.17129;0.53194;-0.04231;0.04607;0.03424;0.03557;0.04448;0.07219;0.07462;0.24317;-0.04758;0.1027
"joint";-0.47958;1.66008;0.06376;0.04348;0.37922;2.71533;-0.05857;0.0757;-0.07668;0.15453;-0.08465;0.26729;0.15466;1.05151;0.03609;0.06891;-0.07771;0.38231;-0.08037;0.42469
"security";0.02152;0.00311;0.30796;0.94361;0.0071;0.00089;-0.09508;0.18556;-0.03624;0.0321;-0.09637;0.32227;-0.11375;0.52912;0.06914;0.23522;-0.08043;0.38096;0.12221;0.91351
"surveillance";-0.24892;0.32589;-0.01986;0.00307;0.1047;0.15083;-0.08311;0.11105;0.12385;0.29371;0.24507;1.6325;-0.11684;0.43729;-0.13956;0.75076;-0.17539;1.41905;-0.02013;0.01942
"main";0.07423;0.03422;0.25866;0.61577;-0.03896;0.02466;0.11035;0.23117;-0.09791;0.21677;0.01368;0.006;-0.05178;0.10142;0.07373;0.24743;-0.11865;0.76681;-0.00836;0.00395
"Agency";0.25381;0.87953;0.48736;4.80516;-0.02882;0.02967;0.06181;0.15944;-0.06853;0.23345;-0.06302;0.28018;-0.0263;0.05751;-0.04134;0.17097;0.0261;0.08154;0.12036;1.80181
"guard";-0.04147;0.01058;0.40563;1.50065;0.34295;1.89365;-0.09348;0.16441;-0.12836;0.36923;0.02845;0.02575;-0.19627;1.44402;-0.01023;0.00472;0.11171;0.67365;0.00477;0.00127
"irregular";0.03114;0.00987;0.11343;0.19414;-0.22547;1.35422;0.44061;6.04333;0.16199;0.97286;-0.16024;1.35141;-0.02923;0.053;0.08572;0.54832;-0.20519;3.76053;-0.0077;0.00551
"risk";-0.49323;1.15705;-0.00666;0.00031;-0.16695;0.34676;-0.17902;0.46593;0.02963;0.0152;-0.0143;0.00503;-0.13606;0.53624;0.0481;0.08065;0.06325;0.16685;0.12411;0.6674
"trafficking";-0.12186;0.06647;0.08133;0.04387;0.18475;0.39968;0.07544;0.07787;-0.12769;0.26572;-0.34164;2.70003;-0.13862;0.52386;0.15057;0.74372;-0.13816;0.74941;0.12325;0.61949
"training";-0.27215;0.74183;0.38604;2.21176;0.5247;7.21318;-0.12856;0.50597;-0.13794;0.69386;-0.19415;1.95117;-0.04598;0.12897;0.10793;0.85499;0.2189;4.20923;-0.36781;12.34324
"2013";-0.80097;3.05126;-0.08807;0.05467;-1.04064;13.47336;-0.83322;10.09323;0.28556;1.41203;0.02608;0.01672;-0.09963;0.28752;-0.03185;0.03537;-0.01612;0.01084;0.02961;0.03799
"level";-0.16009;0.11616;-0.09112;0.05576;-0.0335;0.01331;0.29038;1.16822;0.02991;0.01476;0.09336;0.20414;-0.2413;1.60723;-0.16463;0.90016;-0.0987;0.3872;0.03998;0.06598
"fundamental";0.15053;0.10143;0.3496;0.81071;-0.09812;0.11274;0.15987;0.34972;-0.22646;0.8358;0.16353;0.61862;0.16086;0.70548;-0.23589;1.82536;0.0705;0.1951;0.14329;0.83725
"rights";-0.02106;0.0027;0.3591;1.16539;-0.11657;0.21682;0.06583;0.08078;-0.30199;2.02504;0.04198;0.05556;0.2449;2.22784;-0.16304;1.18803;0.14568;1.13528;-0.03359;0.06268
"routes";0.35094;0.55131;0.58947;2.30481;-0.11036;0.14263;0.10043;0.138;0.0498;0.04043;0.08041;0.14957;-0.0909;0.22525;0.1969;1.27176;-0.05252;0.10828;0.07217;0.21237
"human";-0.34751;0.57435;0.09755;0.06706;0.21431;0.57145;0.14678;0.31322;-0.09724;0.16372;-0.24248;1.44516;-0.04881;0.06902;0.08121;0.22984;-0.07013;0.20516;0.01706;0.01262
"2011";-0.58323;1.90332;-0.28386;0.6681;-0.52561;4.04379;1.03066;18.16863;-0.21531;0.94443;0.0755;0.16485;-0.38378;5.01951;0.04356;0.0778;0.32802;5.28029;-0.11758;0.70467
"Laitinen";-0.62838;1.94425;0.03021;0.00666;0.49372;3.13983;0.21902;0.72201;0.05151;0.04757;-0.35139;3.14211;0.31309;2.93985;0.10413;0.39125;-0.17787;1.36634;0.29109;3.80069
